title,year,month
프로젝트 헤일메리,2026,4
내 딸을 위하여,2026,3
리미트리스,2026,3
셔터 아일랜드,2026,3
윗집 사람들,2026,3
호퍼스,2026,3
레옹,2026,2
메이즈 러너,2026,2
서울 자가에 대기업 다니는 김 부장 이야기,2026,2
카피캣,2026,2
캐치 미 이프 유 캔,2026,2
타임 투 킬,2026,2
네고시에이터,2026,1
얼굴,2026,1
터미널,2026,1
플라이트 플랜,2026,1
흑백요리사: 요리 계급 전쟁: 시즌 2,2026,1
기묘한 이야기: 시즌 2,2025,12
기묘한 이야기: 시즌 3,2025,12
기묘한 이야기: 시즌 4,2025,12
기묘한 이야기: 시즌 5,2025,12
나이브스 아웃: 웨이크 업 데드 맨,2025,12
지. －지구의 운동에 대하여,2025,12
기묘한 이야기: 시즌 1,2025,11
마이너리티 리포트,2025,11
스파이가 된 남자: 시즌 2,2025,11
케이팝 데몬 헌터스,2025,11
프랑켄슈타인,2025,11
100미터.,2025,10
굿뉴스,2025,10
육사오,2025,10
모태솔로지만 연애는 하고 싶어,2025,8
나이브스 아웃: 글래스 어니언,2025,6
어메이징 디지털 서커스,2025,6
오징어 게임: 시즌 3,2025,6
진격의 거인,2025,6
다빈치 코드,2025,5
모노노케 히메,2025,5
붉은 돼지,2025,5
21,2025,3
굿 플레이스: 시즌 4,2025,3
나이브스 아웃,2025,3
메멘토,2025,3
미키17,2025,3
슬리버,2025,3
쎄븐,2025,3
인사이드 맨,2025,3
일렉트릭 스테이트,2025,3
곤도 마리에: 설레지 않으면 버려라,2025,2
베테랑2,2025,2
삼체: 시즌 1,2025,2
소방관,2025,2
아마존 활명수,2025,2
아메리칸 셰프,2025,2
지정생존자: 시즌 1,2025,2
스파이가 된 남자: 시즌 1,2025,1
오징어 게임: 시즌 2,2025,1
아케인: 시즌 1,2024,11
아케인: 시즌 2,2024,11
그대들은 어떻게 살 것인가,2024,10
더 인플루언서,2024,9
흑백요리사: 요리 계급 전쟁: 시즌 1,2024,9
조커,2024,8
악마는 프라다를 입는다,2024,6
인사이드 아웃2,2024,6
나를 찾아줘,2024,5
닭강정,2024,5
범죄도시4,2024,5
킹덤: 시즌 2,2024,3
살인자ㅇ난감,2024,2
오펜하이머,2023,8
엘리멘탈,2023,7
범죄도시3,2023,6
존윅 4,2023,6
천공의 성 라퓨타,2023,4
더 글로리,2023,3
스마트폰을 떨어뜨렸을 뿐인데,2023,2
일타 스캔들,2023,2
이상한 변호사 우영우,2022,10
공조2,2022,9
"에밀리, 파리에 가다: 시즌 1",2022,1
"에밀리, 파리에 가다: 시즌 2",2022,1
그 해 우리는,2021,12
모가디슈,2021,12
엽기적인 그녀,2021,12
지옥: 시즌 1,2021,12
나의 아저씨,2021,10
더 테러 라이브,2021,9
레버넌트: 죽음에서 돌아온 자,2021,2
삼진그룹 영어토익반,2021,2
내 아내의 모든 것,2020,11
스파이 브릿지,2020,8
올드 가드,2020,7
소셜 네트워크,2020,5
정직한 후보,2020,5
